mp_id,formula,natom_prim,u2_0K_A2,u2_300K_A2,d_min_A,delta_nuc_300K,q300
149,Si,2,0.002498311566602412,0.006947750939096096,2.353238947834915,0.001254619941872685,0.35958565419264193
22862,NaCl,2,0.0047501659363921546,0.0203621165034959,2.79977964,0.0025976175866100977,0.23328448865208168
25,N2,8,0.036066990432598464,1.6577490731028088,1.1113637729526482,1.3421662742469873,0.02175660419166568
39,Tl,1,0.0006660280836095872,0.04216842482889083,3.3402099347884953,0.0037795478825850878,0.01579447385839444
111,Ne,1,0.036463332697509045,1.4417687381613773,3.2294170071006008,0.1382443364633652,0.02529069450070688
147,Se,6,0.0023172649852716536,0.01744396148755539,2.440021743076951,0.002929933250813165,0.13284052403605695
154,N2,8,0.035835860333457877,1.4456365619849976,1.1113684355305427,1.1704234310785653,0.024788983120523602
160,B,12,0.002552241232366792,0.0033432964773414684,1.6684745492486621,0.0012009798420787889,0.7633906384504344
165,Si,4,0.0025114867544254638,0.006964389615599305,2.34868534596776,0.0012625058031348025,0.3606183589729196
190,ReO3,4,0.002428175178197814,0.0064698447770447235,1.882783389999999,0.0018251272305321135,0.37530655863848233
200,LaP7,32,0.0024001931401030825,0.007846261164955312,2.1707709354521114,0.0016650786925535121,0.3059027847331096
209,Er2Se3,20,0.0015776278373423856,0.008883250155059938,2.7988377688101864,0.001134008841039746,0.1775957909328673
216,Sc2O3,40,0.00228548303977122,0.00426241221570474,2.0797646659630122,0.0009854328979479324,0.536194747037938
218,Sm2O3,40,0.0022088808891418993,0.005103469604625122,2.3097964263624493,0.0009565730086879123,0.432819446429162
223,GeO2,9,0.003169149842580396,0.015614651417544688,1.7510520026164842,0.005092537147158753,0.20296001222412982
224,WS2,6,0.0015089222782418501,0.005648347339459237,2.399507342383829,0.0009810185714331015,0.2671440312638974
226,FeS2,12,0.001463370320329942,0.002768412167473936,2.1783165825804853,0.0005834299964671348,0.5285955384545243
230,SbO2,24,0.002525052500527083,0.006649159714445736,1.966600921381387,0.0017192312172596457,0.3797551283121145
239,BaS3,8,0.0029099315354864284,0.013162418208975813,2.0771818022480364,0.0030506098425931026,0.2210787933711198
241,CdF2,3,0.003113907598377103,0.009974003308304578,2.336606258785547,0.001826831269091886,0.31220238274679474
252,BeTe,2,0.0030363650837563084,0.008714693370528968,2.430461844193099,0.0014752801397080787,0.34841903835935034
254,NdF3,24,0.003255658122086436,0.011216219063463024,2.340016212694568,0.0020483716198931496,0.29026342153852747
277,Zr3N4,28,0.002107971045191419,0.004472591521644477,2.058275831663859,0.0010557281142248868,0.471308643990892
286,YbSe,2,0.0014879340912168143,0.008044458348861812,2.898588505,0.0009574666951379432,0.18496386290909667
306,B2O3,15,0.003261890057050764,0.008875680264132896,1.3691488659056295,0.00473478547735784,0.36750873848309273
315,PbF2,3,0.003960311059915065,0.015044868016201134,2.551700460047992,0.0023106225015782863,0.2632333534365597
334,LaF3,24,0.0036849825902524037,0.016298539446294703,2.3832541489715826,0.002869511518636956,0.22609281048739277
341,PbF4,5,0.005085318812487678,0.025281248489584976,1.9797446714746267,0.0064503035346321295,0.20114982907520007
352,HfO2,12,0.002017665798546286,0.004142279066290212,2.033654479027213,0.0010015785589966122,0.4870907455188164
361,Cu2O,6,0.0036431551100003057,0.038950295790278255,1.824295434170944,0.011703625532094168,0.09353343886311677
375,UO3,4,0.004028139446460861,0.014563269780421018,2.063855725,0.003419008857731277,0.2765958131103446
380,ZnSe,4,0.002094590632826469,0.011844263545141934,2.4393254962130064,0.001990529196218615,0.1768443115811612
384,MgP4,10,0.002813007923942759,0.008937691292516372,2.183176696341154,0.0018751999216273668,0.31473540894147034
390,TiO2,6,0.002801273859244332,0.007501288137218671,1.9317054780311451,0.002010268303017778,0.37343904246864307
401,Sc2S3,20,0.002405062270908629,0.007359808667802449,2.5411255496151757,0.0011397622760564315,0.3267832601994465
402,CdP2,12,0.0022939390502246713,0.010291524054979158,2.170340748588879,0.0021848611611679954,0.22289595185028374
406,CdTe,2,0.002088466886864552,0.020313559500734765,2.806644707682275,0.002578761351640773,0.10281146870340523
409,NaS,12,0.004861618635538303,0.023616368049452906,2.122726836511318,0.005241129462627914,0.20585801446513818
422,BeS,2,0.0032099761586045564,0.006223536119811291,2.0960547254937434,0.0014165502324070753,0.5157801122719102
438,Nd2S3,20,0.002032130062465778,0.007087814435511142,2.8052078824816076,0.000900704303375277,0.2867075712767626
463,KF,2,0.004416795902873749,0.016645300101496487,2.684123655,0.0023103968861720317,0.26534792860097844
467,Th3N4,7,0.0024556322256523897,0.007291320113553485,2.2997728797880965,0.0013785936355845806,0.3367884261572514
468,AlF3,8,0.0030201253332158735,0.007329589497876105,1.8079037289025148,0.0022424824409204157,0.4120456314901421
470,GeO2,6,0.0020100647456442284,0.003669344732924464,1.8850037596935167,0.0010326759762510297,0.5477993734435
473,Na3P11,56,0.0043133224939937735,0.03273615082986783,2.1716298974875357,0.006941542529542233,0.1317602217930393
484,Te3As2,10,0.002182148523894379,0.04220017661717186,2.6512237348417464,0.0060037349425957455,0.05170946424443236
486,NiP2,6,0.0019555665660792084,0.005760342272474616,2.1768918789015625,0.0012155548796007488,0.339487911234675
510,TaO2,48,0.002396215181606924,0.03240625744874452,1.956257099213813,0.008467925256940881,0.07394297800037251
524,Ba3As14,34,0.0023246077977620715,0.020052913400198644,2.398356060810495,0.0034861828345598414,0.11592369404732202
539,Ga2S3,10,0.0025950301474358503,0.012015170140014879,2.2006301166297204,0.002481051736839476,0.21597947571241274
557,TeO2,12,0.0030751344275038966,0.01027615816382293,1.9189773346919399,0.0027905582314920623,0.2992494255615746
588,GaF3,8,0.0031738000615603133,0.009228023383666647,1.9006170164970202,0.002554579718383186,0.343930647941124
602,Te2Mo,6,0.0012296725464236156,0.007695793106916624,2.7066839119274895,0.0010504570509000785,0.15978503181412745
604,Nb2O5,14,0.002667017389514852,0.006437291527243031,1.8247226747775653,0.0019333453578158576,0.414307380398707
617,PtO2,3,0.0018932265122589703,0.010819147157368918,2.029483516502384,0.002626769538238188,0.17498851662901121
624,B6As,14,0.002373682847858112,0.003511959163408524,1.7273109349506663,0.0011770865915206004,0.6758856630765432
634,HgS,6,0.002456284463719893,0.018530544239926103,2.4019226162981995,0.0032119601745758722,0.13255328240319877
643,ThO2,3,0.0022017834250166743,0.00446678917295574,2.4081995007147787,0.0007702124434497731,0.4929230683971865
648,Na2S,3,0.004448903361624089,0.016268371779449543,2.8149583307221273,0.0020530529380562265,0.2734694917191413
661,AlN,4,0.0020605827890768434,0.003435349232687441,1.8914132506993293,0.0009602803429318447,0.599817558421817
665,SnSe2,3,0.002023413007025691,0.02140567314879997,2.7146342975924656,0.002904733049779067,0.09452695054063864
667,Tl2S,27,0.0026812782695402335,0.02919047806062656,2.816586647843839,0.0036795522581004386,0.09185455147296347
672,CdS,4,0.002525379978974157,0.016469097346598502,2.5208583916134923,0.0025916293913770256,0.15334052169506085
676,CaN6,14,0.004429065691559822,0.013881327600676624,1.1794803928112731,0.00997813906121683,0.31906643362728027
679,Er2O3,40,0.002014635744524432,0.004417326403649683,2.210823289481256,0.000903756490628756,0.45607581609996034
682,NaF,2,0.004104046501845804,0.01154038568907703,2.314075115,0.0021550900381995513,0.3556247262801868
684,BaS2,6,0.0030064054434859023,0.016477384166582915,2.1159286271203115,0.003680325566632302,0.18245647568156273
691,SnSe,8,0.002188223298251819,0.016375558657711994,2.7529850989164864,0.0021606698092293017,0.13362739824581712
700,GeSe,8,0.002377726492232477,0.015877360909720434,2.562469721718264,0.0024180252520104137,0.14975577526720993
706,HgF,4,0.0035593674303575607,0.02380176202009821,2.159874349942923,0.005102137221730344,0.1495421821019818
713,KAs,16,0.0038036267660838743,0.030973352890497925,2.4792000398585894,0.005039240435663261,0.12280319730095347
717,B2O3,10,0.0022597510252779316,0.0034010659734793644,1.3819561590630778,0.0017808466549210664,0.6644243431026883
720,TlF,8,0.0041076738196577246,0.033093937091961075,2.447196468577641,0.005525998497271859,0.1241216422284047
726,SeO2,24,0.0038542270498042952,0.03993081363148208,1.655255825817101,0.01457397127806991,0.09652262749701555
730,P2Pt,12,0.0013052485329931606,0.0029122192311411468,2.1851411141497263,0.0006099090652584659,0.4481972095492625
733,GeO2,9,0.0031654180130768696,0.012937311064246724,1.7510325243974902,0.004219447567971649,0.24467356449554276
736,Li3P,8,0.007511098144268665,0.018629544468952857,2.4239109107302768,0.0031708005764193034,0.4031820615252464
743,RbN3,8,0.005620803813082056,0.02999451613681513,1.1860107209728794,0.02132380148027128,0.18739438194114116
757,Li3As,8,0.007678825458214237,0.021595528888810386,2.497071576116878,0.0034633936979215243,0.3555747811387468
766,As2Ru,6,0.0011189577898694165,0.0033335167967763497,2.4312006718571735,0.0005639765332330644,0.33566886207128027
804,GaN,4,0.001811128500749923,0.003749158732666412,1.9445614107471823,0.000991494939512156,0.48307597247605555
812,Ho2O3,40,0.00204328020211905,0.004512611408990616,2.224406924161605,0.0009120097064109805,0.4527932979223869
821,NbO2,48,0.002638738050919973,0.01479289739018295,1.9489876357129778,0.00389435086277448,0.17837871657726267
827,KN3,8,0.005647225822068193,0.025766052824751248,1.1851326790529957,0.018344840733120756,0.21917310581011404
830,GaN,2,0.0018063416921306698,0.00370696173290515,1.9465728388374226,0.000978310656816665,0.487283609133736
841,Li2O2,8,0.005185680479832409,0.009798428375861883,1.5298375235961235,0.004186641791908515,0.5292359428382585
844,Ca3N2,40,0.0029387832261912688,0.00746533128449634,2.432775091600679,0.001261377743565551,0.39365744321278817
856,SnO2,6,0.0023213311713207703,0.005228832527255109,2.0671490608219787,0.0012236610694087641,0.44394827319882824
870,TlN3,8,0.006647874301523762,0.06008249682390803,1.1864576169609495,0.042681877452993545,0.11064577294461637
878,Ho2S3,30,0.0020577481175303486,0.008831412138072972,2.5920781185088027,0.0013144194617103597,0.23300329385141258
886,Ga2O3,10,0.002236757350464689,0.005290893403148126,1.8387155852435189,0.0015649479492143446,0.422756079178197
905,LaF3,24,0.003581059686375201,0.012748734061396545,2.394702552176002,0.0022231251289842368,0.28089531628232256
909,As2Se3,20,0.0023415297037945293,0.017696014639442707,2.399849464643004,0.0030726101987649094,0.13231960706991538
913,CdP2,24,0.0022903874341706227,0.010205281918721764,2.1691190798228135,0.0021689933353670142,0.22443156910431528
917,CaC2,6,0.004495458280504296,0.01407395088860759,1.258509541491136,0.008885932423186513,0.3194169367283514
927,CuP2,12,0.002192117462147815,0.0071701574988945575,2.193328674107429,0.0014904632176084526,0.30572793728530784
938,GeTe,2,0.0021269949146287327,0.016005331103920318,2.8157044930000223,0.0020187870732733103,0.13289290304701976
942,AuF3,24,0.004583841076592988,0.032594891982544845,1.9046889251156902,0.008984655571333771,0.14063065706883515
953,NbZn3,4,0.0016566114748479133,0.0059104749432826766,2.7450862537944047,0.0007843508841921882,0.2802839857616978
971,K2O,3,0.0044121449618756544,0.01902079903625889,2.77912899348282,0.002462699073252887,0.2319642278678666
981,SrF2,3,0.003177855692679321,0.00925478409619395,2.4973495111101056,0.0014839102575752554,0.3433743736913561
984,BN,4,0.003129686576252797,0.02061451411880845,1.4467534455324653,0.009848816646001061,0.15181956548746914
988,Si3N4,14,0.002055844464262331,0.00757808913891845,1.733688552743731,0.002521259491766961,0.2712879759759256
1000,BaTe,2,0.0019435542953999696,0.015569365591906565,3.484836385,0.0012820534495587325,0.12483195181763146
1022,K2S,3,0.004265581620459149,0.02227225283872882,3.197604939357275,0.0021782841727172233,0.19151998907994644
1029,BaF2,3,0.003423323933566482,0.01139883347019218,2.6750720704916433,0.001592903383674086,0.30032230425318834
1039,MgTe,4,0.0032057975902411713,0.021914639140393443,2.7887985678490974,0.0028177342453616304,0.14628566638508728
1045,Nd2O3,40,0.002289455841254765,0.005402060075763441,2.3459557919284304,0.0009815665769413906,0.42381162170456055
1047,Ca3N2,10,0.0030166337987565938,0.008099879575006241,2.3866707464787735,0.0014219801766913133,0.37242946278670686
1056,Tb2O3,40,0.0020987258998295083,0.004702609820153777,2.2547817905384195,0.000924974816573857,0.4462896094069057
1070,CdSe,4,0.0022323986576732514,0.019654439824176376,2.6325370952084417,0.0028360355552295873,0.11358241077556636
1074,RbSi,64,0.0038083634225862272,0.027217084743533407,2.416219374983584,0.004661963624276247,0.13992547175689227
1087,SrS,2,0.0023652494379150283,0.008910468108917692,2.98971929,0.0009968726777664324,0.2654461481712573
1105,BaO2,3,0.003891063118178709,0.01269100585088856,1.4818269083887325,0.005779644026442965,0.3066000570716211
1138,LiF,2,0.005201802002581425,0.009677325104558926,1.997650165,0.002425026340328301,0.5375247753256619
1143,Al2O3,10,0.0020515214471946725,0.003242555135444412,1.8616445858503488,0.0009356077835882225,0.6326866811822149
1146,ThS2,12,0.0020477696332982815,0.007604618806476597,2.7732338509036665,0.0009887909068007365,0.26927972136542405
1153,Li2S,3,0.006088541162718855,0.01254412990478313,2.447394372887892,0.002094269792305211,0.48536974735866445
1154,Ho4C7,44,0.0025040112960811396,0.006011308204726152,1.3123344364912837,0.0034904381348038814,0.41655014362971116
1167,CF4,10,0.009524571381802445,0.22567683787989906,1.336284254284514,0.12638318208583987,0.04220447021183114
1175,SrS3,8,0.004019355096102376,0.11840941387274091,2.076833966955191,0.027452548981173112,0.033944556979414904
1186,ZrS2,3,0.0023468601570375423,0.01006711836460962,2.5489789047407845,0.001549432610905471,0.23312134337148505
1190,ZnSe,2,0.002066961219492166,0.011275685251261094,2.4394501183430077,0.001894781170507868,0.18331136187585526
1195,Ba3P14,34,0.0031446170951453687,0.01861726562439056,2.1583831319623683,0.003996306768678527,0.16890864419023985
1216,YbO,2,0.0019636476577970705,0.004770979598153296,2.32746051,0.0008807302585799425,0.4115816505602204
1217,KSi,64,0.004532998028507114,0.02542133170740991,2.4151005218552193,0.0043584079089400716,0.17831473506896642
1224,HgO,8,0.003138096439070244,0.020310324871362435,2.0521654225739363,0.004822721003866159,0.1545074467762434
1243,Ga2O3,10,0.0020743244962361023,0.004262591429541631,1.9313318038287357,0.0011427728739961723,0.4866346049166529
1244,SrGe2,24,0.0022591810325581266,0.013734682627546747,2.545727079587291,0.0021193122277750305,0.16448731243538428
1247,Sb2Ir,12,0.0009305383046964847,0.003997716367706286,2.6042279178785495,0.0005894595356652187,0.23276746499912068
1249,MgF2,6,0.0032571647967821254,0.008036334145382726,1.9882438041265693,0.00203291261396046,0.4053047991606383
1253,BaSe,2,0.0019342830156385297,0.011937777807611037,3.29104748,0.0011021867745005208,0.1620304085744761
1265,MgO,2,0.0024348309627057426,0.0041207573721843685,2.108629705,0.0009267794677850007,0.5908697704798537
1266,Na2Se,3,0.004304798562589956,0.018642639020217004,2.9323084189018687,0.0021681438640809673,0.23091143683689946
1270,Dy2S3,20,0.0018972322841758016,0.006470509920354565,2.7113765598408435,0.0008801543363001838,0.29321217454710874
1285,PtO2,6,0.001764893293138044,0.003517490872665466,2.0044857683592485,0.0008754412874057698,0.5017477960932568
1315,MgS,2,0.003041325499991161,0.008149369918208074,2.5905124,0.0012143746168663818,0.3731976251557744
1323,AlF3,64,0.0032400793654359383,0.00908290352682616,1.771440759906917,0.0028944858759971243,0.35672286465076214
1340,Ga2Se3,10,0.0021256186538625055,0.01619143066609573,2.341377323882966,0.002953536951365428,0.1312804716085697
1342,BaO,2,0.0033787161299795956,0.011463882042699547,2.76684848,0.0014974797401943235,0.29472704947546424
1346,B6O,14,0.0023504952450984678,0.003105930865550365,1.4866369433634736,0.0014053417312533609,0.7567764212555853
1378,LiC,4,0.006196396730990449,0.013078990975715543,1.25891959351531,0.008252361692953705,0.4737671845248328
1392,ZnP2,24,0.0022155623220465924,0.00779416701300805,2.1827266200602318,0.0016359537346941533,0.28425902580082474
1394,Rb2O,3,0.0039733164563211356,0.02441798958952167,2.930639917038429,0.002843053177187529,0.16272086781567713
1403,Sm2S3,20,0.0019857772303102064,0.0068890836369690425,2.767018003171172,0.0008997823869715157,0.2882498362559987
1413,P2Ru,6,0.0014486441027383038,0.003000229303511988,2.236862101386216,0.0005996198834676355,0.48284446160250477
1415,CaSe,2,0.0022940744862622064,0.009125684762141944,2.93586868,0.0010587470435848728,0.25138655849468006
1427,Lu2O3,40,0.001939714995689907,0.004163953954147264,2.1695558257859404,0.0008846352874967704,0.4658348812330085
1434,MoS2,3,0.00170190198432661,0.007889350306226827,2.3894639078606428,0.0013817844155211698,0.21572143690759302
1439,TiO2,12,0.0024836765378152504,0.004986401998685381,1.8719054446252748,0.0014230477500956414,0.498089913021463
1443,Sn3F8,22,0.004457888900511525,0.029014265429386673,1.9793502098634406,0.007405703098585632,0.15364472732769643
1477,BaSi2,24,0.002915912309114323,0.013391435639108348,2.397892551655199,0.0023289904140348,0.21774456359247193
1479,BP,2,0.0021376192197148174,0.0033496964513032765,1.9579875732745438,0.0008737467852371362,0.6381531135106667
1500,BaS,2,0.0024566398508582086,0.01106613434051529,3.18334455,0.0010920151005610122,0.22199620710042964
1508,LaS2,24,0.002209812671956388,0.007500498215634116,2.111712903283965,0.0016819782085172562,0.29462211821479156
1509,Sn2S3,20,0.00252776908567037,0.0192683074152618,2.49242754945789,0.003101690648521364,0.1311879155336813
1519,CaTe,2,0.00236098187621147,0.011907721869726147,3.14759791,0.0012019051212504837,0.19827317954192086
1522,FeS2,6,0.0014896572958760673,0.0028934405959727444,2.1899281260597907,0.0006033298984276989,0.5148394260968956
1536,KSb,16,0.003702853353135037,0.03167986706866167,2.8489618357533715,0.003903103677350656,0.11688348770875907
1541,BeSe,2,0.0029758920665374933,0.007160871623064155,2.2237236535838947,0.0014481190164354091,0.41557679332674613
1550,AlP,2,0.0026168862681507136,0.0076906334219937105,2.368706988600766,0.001370690580261248,0.3402692762168237
1559,Mg3N2,40,0.0026338601374433527,0.00489117701910291,2.085264020421784,0.0011248413711126112,0.5384920903816375
1568,K3P11,56,0.00436177268680298,0.04622656693782406,2.162551674840943,0.009884589853158675,0.09435640532574435
1569,Be2C,3,0.0030263051322975227,0.003826044915323653,1.8687112141029316,0.0010956344529422445,0.7909748053863401
1572,GaSe,8,0.002057337429009924,0.013725866126100779,2.4268450779348827,0.0023305351217637583,0.1498876216705728
1575,CaC2,6,0.004504516676794282,0.014048781572110532,1.2599215177123284,0.008850171241777042,0.32063397481647754
1581,As2O3,20,0.0038727912374232577,0.025384412983275977,1.792745185985087,0.007898233971444579,0.1525657197578203
1582,As2O3,20,0.003600036264185989,0.027007469279847932,1.7894756176633135,0.008433975209140595,0.1332978009484293
1591,Al4C3,7,0.0024089045769124418,0.00452248902164093,1.9198598781350187,0.0012269827467598637,0.5326501767910097
1595,Nb2O5,7,0.003018648936083236,0.008415082547750459,1.80598074378312,0.002580073926045221,0.3587188739925301
1598,Na3P,8,0.005992558057608319,0.04222920785008399,2.8422283780731084,0.005227511443628103,0.14190552848829727
1666,Th2S5,28,0.0020134754816637833,0.006450107303081624,2.175042543100032,0.0013634255477222937,0.3121615481810386
1672,CaS,2,0.0026236539590672532,0.007922422476376352,2.816514995,0.0009986972699337579,0.331168145461903
1700,AlN,2,0.002055161191695736,0.003424125163451936,1.8955208231496652,0.000952999146794873,0.600200370486423
1705,Sb2O5,14,0.0024265595342783594,0.005454743370639295,1.9182179384351576,0.0014824444451726033,0.4448531066263466
1707,BaN6,14,0.004960696116684948,0.023627574646577214,1.1740041035134738,0.01714272720069207,0.20995367450478353
1714,FeSi2,24,0.0016497361349593366,0.0032093106854014144,2.303659526397177,0.0006047490263523577,0.514046876939554
1716,Rh2O3,20,0.0016685071569170146,0.003082529424367671,1.980448633075625,0.0007859231214669858,0.5412785823639885
1745,Sm2O3,15,0.0025410233996592904,0.010924601123598512,2.2423269070068246,0.002172739863345994,0.23259644639751287
1747,K2Te,3,0.004055948163200008,0.02893509241225053,3.5189819827254816,0.0023366345138272435,0.14017401795070136
1767,Tm2O3,40,0.001984142615024822,0.004311492593961575,2.196664637187287,0.0008935114602296071,0.46019854418947537
1776,UN2,3,0.002442447105196648,0.006418803861892131,2.2614595500797607,0.0012550945885312918,0.3805143696160027
1779,YbTe,2,0.0014897962944455752,0.0106828727793448,3.11467883,0.0011011881123078181,0.13945652309237244
1784,CsF,2,0.0045554914631887765,0.025707159945311198,2.97867419,0.002897397593421271,0.17720710778164608
1818,SiF4,5,0.00838158539153274,0.20438230530520027,1.5766018595620013,0.08222411816726174,0.041009349508102845
1819,SbO2,12,0.0024748777769713157,0.006336833658075591,1.9894729115132124,0.0016010181178710207,0.3905543226335694
1820,YbS,2,0.0018133069629743537,0.006946225057761654,2.77715332,0.000900635656407531,0.26104926746480517
1821,WSe2,6,0.0011625482822254013,0.006636588112172627,2.5255620425143706,0.0010404681278333818,0.17517258304656436
1840,TiO2,24,0.002578056999544496,0.005432845225611206,1.8610347269877623,0.0015686222770726211,0.4745316482404409
1853,Sr3P14,34,0.0030798862264251243,0.01613505724277878,2.1559053989502215,0.003471451565739928,0.1908816423817475
1858,HfO2,24,0.0019620322139020227,0.00384586142559688,2.034933438675265,0.0009287379992322662,0.510167163289695
1863,SiAs,12,0.0023387237539160117,0.014995924355294985,2.3327552704792094,0.002755718694119293,0.1559572920284984
1873,ZnF2,6,0.0033371210072985127,0.010781288467209119,2.028438362173683,0.002620275978734977,0.30952896005410113
1875,TeF6,28,0.008440991616275659,0.24022237161484364,1.8517125857339878,0.07005938061645586,0.03513824112022912
1880,SbF3,8,0.0047999077245021,0.027159377370436517,1.9905023410841072,0.0068547942553062085,0.17673114000495785
1888,RbGe,64,0.003153390231856379,0.028636738559768293,2.5623072814771035,0.0043617536495269135,0.11011694733584543
1943,GaSe,8,0.0020695942729843635,0.01434153723951368,2.4274031734781,0.002433951243030174,0.14430770135869642
1950,SrS2,6,0.002730325682646068,0.0109680081659052,2.1087140124581083,0.0024665640490744755,0.24893541665418076
1958,SrTe,2,0.0019381866709288892,0.012664932104917414,3.3074592,0.001157747561268309,0.15303569374654202
1960,Li2O,3,0.0049653099399878785,0.008009413592207885,1.9819867350302804,0.0020389155280467145,0.6199342664509768
1968,La2O3,5,0.002792701883505324,0.008436404964429522,2.347786926612282,0.001530523698750176,0.33102985161098997
1986,ZnO,2,0.0023851329088914563,0.006965617505356343,1.9741447797362177,0.0017873171530217505,0.34241514224077957
1990,Mg3As2,40,0.003076206816966705,0.011883019435665502,2.602808171621452,0.001754052081548429,0.25887417197466056
1999,Sb2O3,20,0.0030075288137304855,0.023788705132517043,2.006014612214594,0.00591156703626342,0.12642675576399748
2030,RuS2,12,0.001360544999541632,0.0027647655902523914,2.194661806857492,0.0005740148185142933,0.4921013934557214
2063,Pr2O3,5,0.002544494705804657,0.0074005221495793356,2.322381276992957,0.00137213018925121,0.3438263752712763
2068,RhF3,8,0.002778794633482271,0.00821949382229089,1.9770683801748006,0.0021028180327148146,0.3380736932907362
2072,KTe,8,0.003923067731980229,0.03700062675259911,2.814068540056015,0.004672397023938402,0.10602706160118362
2074,Li3Sb,4,0.007910682041806148,0.0224991526857157,2.8094564626716303,0.0028505033140962424,0.3515991091890538
2079,Rb2P3,10,0.003929529908279609,0.029130997742548823,2.1578192066550743,0.006256410708958031,0.13489170343589452
2084,Si5Ir3,64,0.0015139971691508205,0.003714347883557042,2.332052623243097,0.0006829766952249811,0.40760779997293695
2095,Rb2Te3,20,0.002674770064697365,0.03215680180795554,3.0425325675588977,0.003473780537719539,0.08317898280654362
2097,SnO,4,0.0025427114982932114,0.011446880557173926,2.2271097416354424,0.0023078305392780296,0.22213139078311228
2125,TeO2,24,0.0031084935881296977,0.021778095728203644,1.9302720941051161,0.0058449774258657675,0.14273486657991197
2131,SrN6,14,0.004680671718998182,0.016942417766639822,1.1803677068943528,0.012160200835123001,0.2762694075584996
2133,ZnO,4,0.002422857174190157,0.007635864873902706,1.973425341799869,0.0019607256605055734,0.3172996398182502
2136,Sb2O3,20,0.0029438181728514853,0.013353881802465994,2.010194631721172,0.0033046944431677815,0.22044662491380335
2139,BaGe2,24,0.002181798156842967,0.014751058773473543,2.54575424467796,0.002276094242791183,0.14790790209353918
2146,KGe,64,0.0038715351077669817,0.026887104723364193,2.561339636309539,0.004098356170328634,0.1439922649761065
2160,Sb2Se3,20,0.0021588688575253545,0.030217292459512737,2.6330893211386646,0.004358372688903857,0.07144481460137303
2172,AlAs,2,0.0022987796201143895,0.008817061655717537,2.4553058440411166,0.0014625566023172328,0.2607194675364118
2173,P2O5,28,0.0032012198607163454,0.010007359657582073,1.4522340464763537,0.004745109948179693,0.31988656051658365
2175,TlF,2,0.005214783300616764,0.07132178041606661,2.75895607,0.009369849283426372,0.07311628047134439
2176,ZnTe,2,0.002023350848451472,0.013314849949990472,2.6263570719873948,0.0019303174387645308,0.15196197148679996
2184,As2O3,20,0.003166266072110305,0.038037692704627694,1.8125529798286304,0.011577978703316592,0.08324022428744987
2201,PbSe,2,0.0019398844194883941,0.01551518554806941,3.034074545,0.0016854057838710918,0.12503133871510666
2231,SnS,8,0.0025912301174134023,0.013972825992919035,2.6271393928066793,0.0020245011026604294,0.18544781984163775
2234,Er2S3,30,0.002032592801393859,0.00858976463782643,2.580027701261614,0.0012904242812199203,0.2366296268983908
2242,GeS,8,0.0026992472486178903,0.012837898828639735,2.4390435907246113,0.002158016816293199,0.21025615520479174
2245,Si3N4,28,0.002048894021647496,0.003595641783823635,1.7260329610574694,0.0012069193459092334,0.5698270697779815
2251,Li3N,4,0.007146363709141048,0.021785622276022057,1.92141363,0.00590103560676651,0.3280311950054583
2254,Al2O3,40,0.0022874134624883756,0.004682466741293542,1.7487521826896184,0.0015311514931918972,0.48850607785768757
2275,UF6,28,0.006991717228014456,0.10671481304995278,2.005450597628683,0.026533880681504283,0.06551777610050875
2286,Li2Se,3,0.0061781728765111345,0.014729757687988891,2.573477244733045,0.0022241032134859315,0.41943479365916597
2292,La2O3,40,0.0025668545891053855,0.0063893010846020944,2.393578610722309,0.001115213359609935,0.40174262491579565
2309,Tm2S3,20,0.0019760784357289846,0.007868977982991044,2.597653438589021,0.0011661540106718967,0.25112262863110285
2310,CdO2,12,0.002833154664022946,0.008539066924808337,1.4864891749126907,0.0038644430861802448,0.3317873825056755
2319,P2Os,6,0.0012955049629411824,0.0026989435908766693,2.241440851537949,0.0005372040050544085,0.4800044607528745
2340,Na2O2,12,0.004069607675959759,0.011236006229070958,1.5156697085384006,0.004891058182793178,0.3621934335912389
2341,Li3N,8,0.006695466934770048,0.01671832272591915,2.031485057999087,0.0040510298172720255,0.4004867620117042
2345,Dy2O3,40,0.0020698119872731126,0.004605131598969305,2.2391977304648045,0.0009184534605017243,0.4494577283603288
2352,Na2O,3,0.0041227117902940475,0.011785810061854718,2.3941720672273616,0.002056121236202228,0.3498030062131564
2371,Ga2Te5,7,0.0019487347122211394,0.015045863471501079,2.65125530023758,0.0021404940116137067,0.12951963281551165
2392,Th2Se5,28,0.0013890056078087302,0.009814625770254602,2.7159275041888136,0.0013305689919208274,0.14152405199375198
2400,NaS,8,0.004673613571407851,0.020200277985658766,2.1582044314300406,0.004336827879320507,0.2313638245337957
2402,NaSi,16,0.005506138635074514,0.031783013806359735,2.387008234533921,0.00557811215602202,0.17324155187488052
2412,LiP5,24,0.00467859495988261,0.02072519197354518,2.1725189544761148,0.004391080648469088,0.22574434851337621
2416,YF3,16,0.002966803927130434,0.007545235345646171,2.281656502138158,0.0014493466281633768,0.3932023046626862
2418,PdSe2,12,0.001899502597381702,0.014893378046802646,2.505517750101011,0.0023724564331846503,0.12754007797374706
2437,IrF3,8,0.002770426589019654,0.010628846950647914,2.011256377004174,0.0026275517924287746,0.26065165881900054
2447,P4Se5,36,0.0032713797328735197,0.044132392679232746,2.159316067320336,0.009465096391278962,0.07412649834444447
2452,P2O5,14,0.00380460561822853,0.03777108276105099,1.4561546972463824,0.017813300886349782,0.10072799983779618
2455,As2Os,6,0.000985654402076823,0.0030105069052429163,2.439639485064592,0.0005058110587568997,0.3274047969663405
2457,Tb2O3,15,0.0023275454138328862,0.006772907915127904,2.18985196102783,0.001412360808580539,0.3436552575348179
2460,Er2O3,15,0.002196927167823014,0.00586547139515308,2.1495033227435973,0.0012694823863731981,0.37455253291976504
2469,CdS,2,0.00248320466321574,0.015158042487972602,2.5218060685129777,0.002383525206549338,0.16382093302522932
2472,SrO,2,0.0026861338970006893,0.006995492178215742,2.566999325,0.0010616143159487164,0.3839806876441694
2482,CaC2,3,0.005160333339784121,0.07340288590666663,1.2620377478973408,0.04608593946367411,0.07030150485289635
2488,SiOs,8,0.00132282454599975,0.005823254852984193,2.3778529094847825,0.0010299018178590703,0.22716239961949347
2490,GaP,2,0.0020131224774755227,0.007120472890180525,2.352177737625625,0.001286970425035269,0.2827231433254546
2507,GaS,8,0.002393540733936978,0.012383445791324693,2.3269131080633105,0.0022870790471224635,0.1932855179625197
2511,PbF2,12,0.0040187073107543275,0.018574619026543903,2.4242293582397467,0.0031606215884129106,0.21635476372416723
2514,Mg3P2,40,0.0032615143523950737,0.00994675727613039,2.525011478028492,0.0015601085141811937,0.3278972495108384
2530,Li2Te,3,0.006765340068005023,0.019171590340325055,2.7900597626134176,0.0024628112491623566,0.3528836130915531
2542,BeO,4,0.002660798692678324,0.0036772249223507862,1.6459750541288998,0.0013572932743479771,0.7235887792736163
2552,TeO3,8,0.002478544118243608,0.005118359041879504,1.9349218316316972,0.00136711137833769,0.4842458487112046
2574,ZrO2,6,0.0023869201942602666,0.00550830290728237,2.076991828302834,0.0012768745732714218,0.43333132444560873
2589,MgO2,12,0.0027309036235238023,0.005114437320608584,1.4886781671588047,0.002307789655677952,0.5339597403060642
2604,MgTe2,12,0.0025337096974749856,0.014077014778033458,2.767534975585847,0.0018379103789658308,0.17998913387721413
2605,CaO,2,0.002667734423053394,0.005579378143288916,2.383146485,0.0009823908772718668,0.47814189225769627
2624,AlSb,2,0.0023736849778631,0.011965100869919046,2.6710934761744984,0.0016770198029320243,0.19838403400598828
2630,SrC2,3,0.005580542874404175,0.0466284282325484,1.2624991802540788,0.02925422294104771,0.11968112771403146
2632,TlF3,16,0.003468750417994835,0.012375553421014174,2.1443603146361334,0.002691343350510168,0.280290529238455
2651,PrF3,24,0.0033240569047048615,0.011668337255219456,2.361471353243575,0.002092394694289631,0.284878370585145
2652,Y2O3,40,0.002238548638959939,0.004724274931136334,2.2369991111693346,0.000944068572693185,0.47383962017246506
2654,Al2S3,30,0.002911709941446581,0.011066011147710192,2.2343362667165945,0.002216634220914117,0.2631219056786401
2657,TiO2,6,0.0028024594530100897,0.007546384130483732,1.946273238270086,0.001992192432565082,0.371364537578933
2659,LiN3,4,0.006049203677326472,0.0199521114230871,1.1802023771458683,0.014324381907101008,0.3031861415091529
2667,CsAu,2,0.002820474129717676,0.04329782900076742,3.5907075576665393,0.0033581960720947,0.0651412367504081
2672,K2O2,8,0.004207935878998489,0.015607946694490707,1.5029502654328937,0.006909658034052151,0.269602143149541
2691,CdSe,2,0.002184094382910775,0.017887316748110508,2.6324796117845297,0.00258116141829459,0.12210296343868833
2697,SrO2,3,0.004625809841252222,0.06038250215580797,1.487811499927186,0.02727817323217029,0.07660844907215034
2706,SnF4,5,0.004209945670762147,0.017107319373125745,1.897013479458225,0.004753802443595452,0.24609031835669362
2739,TeO2,12,0.003074701100239444,0.010272056430874105,1.9189977433839287,0.0027893850473689062,0.2993267337393123
2741,CaF2,3,0.0032551425997970444,0.008392015644640101,2.343981850739418,0.0015274176174392407,0.3878856686684173
2758,SrSe,2,0.001955823745055565,0.010017176205028499,3.102554745,0.0010406541161694367,0.1952470142307935
2763,Nd2O3,5,0.0024905143601346314,0.007176721368277512,2.2987813084232096,0.0013580969408714743,0.3470267594814512
2782,ZnP2,24,0.0022045926230683504,0.00750857331035892,2.171481463404294,0.001592374347122913,0.29361005505891075
2784,Na2Te,3,0.004577489675423303,0.023349381508998266,3.1379621508498188,0.0023712643894703484,0.19604329449408556
2789,NO2,18,0.00862508796389765,0.14026067641981277,1.1995145097148283,0.09748210925281157,0.06149327227028328
2798,SiP,24,0.00268901705664218,0.011909125940939026,2.2619145222023964,0.002327702699306095,0.2257946611680683
2804,LaP2,24,0.0021863443877694106,0.007762824825606283,2.191276077646089,0.0016166856781480352,0.28164288604807663
2809,Sb2S3,20,0.002654299705027706,0.026620553789713543,2.4976368289290014,0.004267352380292437,0.09970865842968883
2826,Lu2S3,10,0.0021350128644195047,0.009269421744726603,2.6227679993832664,0.001347512771435124,0.23032859257203597
2833,IrS2,24,0.001404533217569187,0.003602882382809388,2.2847835509016026,0.0006901761662589263,0.3898359891709777
2843,SnF2,24,0.004749355747111935,0.0359164197076453,2.090671596380412,0.008217153501355838,0.13223355183425953
2858,ZrO2,12,0.002254985062432626,0.004632910423843266,2.0518871733456114,0.001100390798175184,0.48673185020529414
2874,In2Si2O7,11,0.002620185765301016,0.006758073504691422,1.6196025688200713,0.00257635673415693,0.387711936468595
2878,Li3PO4,32,0.004342774479043701,0.009211855470196354,1.548029390607933,0.003844047201127429,0.47143319748058676
2879,SrSnO3,20,0.002654572468290971,0.007021167247721335,2.0685243159319846,0.0016409224519804227,0.37808136092364014
2883,Sm2Sn2O7,22,0.0022589855551332057,0.004969898886297067,2.068826820125758,0.0011611792795290122,0.45453350396356107
2884,Cs2Mn3S4,18,0.0020510826082788874,0.009309274507792849,2.1462144834004606,0.0020210152665829165,0.22032679416230708
2892,BaNd2O4,28,0.002610193068588711,0.007364717452645613,2.314142636371401,0.0013752315964146026,0.35441862982144096
2895,Mg2SiO4,28,0.0025643334763783966,0.005124202307800279,1.626900166567299,0.0019359960214560587,0.5004356429243356
2898,Ca(AuO2)2,14,0.0022251560362857073,0.006196984347833272,2.0034659919334112,0.0015438903387707777,0.3590707853028088
2908,Al2ZnO4,14,0.0020989662281576385,0.003928723132294544,1.9174416318433953,0.0010685801901183577,0.5342616818436253
2910,KAlF4,12,0.004413560140171709,0.034787665276446694,1.77745453999498,0.011011038433968055,0.1268714098833172
2911,Ba3(SnP2)2,36,0.0023151622218037025,0.012011938813248437,2.5038255788586996,0.0019160417484557358,0.19273842947403458
2918,YCuO2,8,0.0025921256032400337,0.0098011659938441,1.802369493039171,0.0030171026669030088,0.26447114607262967
2920,LaAlO3,10,0.002405515923114112,0.005486097429221422,1.8992542184786585,0.001520888292182525,0.4384748820356803
2931,Li2TiO3,24,0.004356620526240788,0.009980480504221713,1.9499777464837769,0.0026247753593156955,0.4365141061492932
2940,LuPO4,12,0.002366194035268308,0.0054034912276306486,1.5466376371549422,0.00225890154179456,0.4379009672799727
2943,KY3F10,28,0.0034767426273339145,0.010956214025972742,2.1910570211941334,0.0022821970908961826,0.31733065994256476
2951,CdGeO3,20,0.0027072676151124703,0.010770160916450302,1.7238407232673296,0.0036243315528030782,0.25136742488010555
2955,NaMgF3,20,0.003940399084295509,0.011564517704049447,1.9880955418933917,0.0029258565019054036,0.3407318130453234
2956,Co2(GeS)3,32,0.0015923177344259916,0.004317639277996513,2.1992804286597685,0.000892658072918051,0.3687936003687795
2961,MgSiP2,8,0.0029775698543593756,0.010353036538040823,2.247834179122714,0.0020489870126449597,0.287603529980668
2963,CaAl2O4,84,0.003217147650769973,0.020571972702875783,1.7536354490086221,0.006689556211814569,0.15638498539910292
2964,NaNO2,4,0.005775107900559546,0.024832600892433988,1.2664426759694767,0.015482858158579357,0.23256153979098942
2969,CsSbSe2,16,0.002945423016880687,0.039487983099841334,2.577646605017528,0.00594317066046582,0.07459036359070266
2973,Pr3Sb5O12,40,0.0026614169482411863,0.008211088247436757,1.974674411902071,0.0021057641251255054,0.32412475277829306
2979,ZnGeN2,16,0.0018988194147861158,0.004168809953289135,1.855488696167252,0.0012108642893122123,0.45548236452658936
2980,Pr2Te4O11,34,0.0030115272806054143,0.01395396309315843,1.8561413342011677,0.004050190827480957,0.2158187792600622
2983,Ba(PN2)2,84,0.002217531141080093,0.005458899498145293,1.6384425859514535,0.002033492821972262,0.4062231117890186
2994,Co2(GeTe)3,32,0.0013825555294332758,0.005381653918775114,2.3126635709519947,0.0010062151385199483,0.2569016050270194
2998,BaTiO3,5,0.0024141918628703325,0.00571031589638409,1.99314317,0.001437418210951492,0.422777287049751
3006,P2Pd3S8,13,0.0029625042661838904,0.021248675515258008,1.9148255588865242,0.0057952667784208454,0.1394206553748072
3009,Rb2BeF4,28,0.004685554734963461,0.022600780212244393,1.5545095334926713,0.009352692424441561,0.20731827357114754
3031,BaSi2O5,32,0.003103916964439153,0.012856511112676763,1.5889792120840192,0.005091980108302344,0.24142762661159545
3032,RbBF4,24,0.0061592385536780245,0.05649346613622911,1.4022803737677316,0.028729529264271553,0.10902567986934193
3033,RbTaO3,20,0.002875046051964074,0.033610059864256726,1.8248987829392012,0.010092336512393888,0.08554123567692892
3038,Al2HgSe4,7,0.0022906354128027703,0.014076299271257923,2.406052369988482,0.002431522763849504,0.16272994546798014
3041,Er2CdS4,14,0.0022603647550705646,0.012035583608329702,2.5347857937012823,0.0018732020538325506,0.1878068258780729
3042,K2SiF6,9,0.004892752046667757,0.026591383797218596,1.708745929203241,0.009107222613080945,0.18399764690619555
3050,Y3Al5O12,80,0.002222684124893071,0.00418289635242792,1.7724649097355527,0.001331440647354842,0.5313744204067922
3051,Mg2GeO4,28,0.002591838823752192,0.0056219110204291526,1.7399665350832603,0.0018569584079287753,0.4610245189462892
3054,Li2CO3,12,0.004935693625233316,0.013393182411244969,1.2804437798069999,0.008168884476538725,0.3685228404780994
3056,NaTlO2,4,0.0031273071378981336,0.009597268791781736,2.3058037291673643,0.001805107139183103,0.32585386590152465
3070,Na2CO3,12,0.005113568689103648,0.04450722696704449,1.2952228746737304,0.026530261133776618,0.11489299688093364
3073,Sm2Te4O11,34,0.0029017479733711208,0.013024339243782023,1.859033965227155,0.0037686087366124686,0.2227942561275383
3074,KAgO,12,0.0033128399511442325,0.017790572400304867,2.0368245142845844,0.004288275658307711,0.186213230052534
3075,TlGeS2,32,0.003208664364711667,0.03243149200957513,2.1668998101812735,0.006906996974362194,0.0989366867168595
3078,CdSiAs2,8,0.0020795034081801038,0.011602879513828782,2.360340879365927,0.0020826501706712897,0.17922304594317878
3079,CaTa4O11,32,0.0025029748000781125,0.0063535728916138305,1.961933734511524,0.0016506285298166104,0.3939476012594148
3080,Ca5(Ga3O7)2,50,0.0028702246384977458,0.008946554893098757,1.8054047806044444,0.002744774401630278,0.3208189825909184
3081,BeAl2O4,28,0.002241505483394363,0.0034083619690252966,1.5697932182575416,0.001383123033104768,0.657648895206801
3082,CaSO4,18,0.003521126122161314,0.012536511001959818,1.4835089188722803,0.005696346027228886,0.2808697030306806
3094,SrAl2O4,28,0.002897069233864459,0.008665421368565705,1.7506949759711674,0.002827279309019145,0.3343252579007569
3098,AlCuO2,8,0.0021111560023429556,0.004842281338699423,1.8520801657872568,0.0014116611308461684,0.43598375531603994
3102,TaCuS3,20,0.0020644811148375175,0.008657891076595424,2.2482118145562535,0.0017129223114447235,0.23845080708145633
3104,BaZrN2,8,0.0025786134435538534,0.008173256133909528,1.9903533823073145,0.0020631686343373402,0.3154940211472879
3107,Ga3PO7,11,0.0028279840298574854,0.009126534323480134,1.5231205734997262,0.003934026877227956,0.309863955979636
3118,Mg3TeO6,20,0.0026251659682498337,0.005659366288977661,1.9306976556719913,0.0015182359298805737,0.46386217717744826
3123,PPdSe,24,0.001742132463401475,0.008677227378807058,2.200376372433736,0.001792202307548723,0.20077063644274154
3125,K3Zn2F7,12,0.004121477124973877,0.015590877285080518,2.0126700126290515,0.0038488005089787392,0.2643518417605576
3136,NaNbO3,5,0.004589498959483863,0.028995194156805845,1.9892030049999998,0.007327702145725865,0.15828481556853452
3142,Ca(NO3)2,36,0.005036826409102053,0.05769643563867854,1.259067230533875,0.03639578933754893,0.08729874477246675
3143,Na2SO4,14,0.004594920301547611,0.019237215860738028,1.4777030558210833,0.008809837045313313,0.238855785307559
3144,HoNbO4,12,0.0023990291083685594,0.00577351823278886,1.8754695850700707,0.0016414229097225037,0.4155229119644997
3151,Li3TaO4,32,0.00452623597679402,0.011790553297387629,1.8893093665573497,0.0033031479806092524,0.3838866474397664
3154,Sm3Sb5O12,40,0.002575716969120624,0.007755437560865571,1.9758687905764551,0.0019865070136428193,0.3321175560896596
3159,Al2CdSe4,7,0.0023267760900882997,0.013315184696064988,2.4049107991715175,0.002302232868035236,0.17474606197358475
3164,BaSO4,24,0.0037232026813113447,0.016591098021828274,1.4723343992674165,0.007653537443941878,0.224409660916527
3167,Hg2GeSe4,7,0.0020014388544620267,0.016578339243301127,2.389910557912209,0.0029025367467035777,0.12072613698448448
3175,BaTi4O9,28,0.002849259670547145,0.008381506102559392,1.7601752366547991,0.002705267730181169,0.3399460235049032
3188,Zn(SbO3)2,18,0.0023764777627370117,0.005464295064458559,1.9932152788477997,0.0013753895727062172,0.4349102189218052
3193,Na2Si2O5,36,0.003479461689619816,0.014739505373014283,1.589610795715562,0.005833125260616136,0.23606366710175794
3196,NdGaO3,20,0.002290857737859495,0.0054082780608096,1.9813434237460334,0.0013776519039195338,0.4235835717212664
3200,Lu2Ti2O7,22,0.002806639373056747,0.021948293545289578,1.9446274564116255,0.005804007077731441,0.12787506086818728
3203,NdTaO4,12,0.0022980491489638533,0.005440986162940228,1.8745783870328425,0.0015483545348322887,0.4223589401157421
3211,Nd2SO2,5,0.002093632387956197,0.005505011911692458,2.352283890126457,0.000994898542154685,0.3803138706220404
3216,Li2ZrN2,5,0.003606993268892138,0.005839610305482661,2.07232402067177,0.0013597796716612813,0.6176770503856437
3228,HgSO4,12,0.003741610624346489,0.02283317822560347,1.4804107990010777,0.010418420394644473,0.1638672718873152
3236,Pr2SO2,5,0.0021330772474331757,0.005657844155096407,2.3753614438180275,0.0010027474701728425,0.37701237237363056
3247,Cs2TiS3,12,0.0031750220383404844,0.022544751842663666,2.223345853733878,0.004560698991532214,0.14083197989928972
3248,TbAsO4,12,0.0026903145579293473,0.007270786906099659,1.693787577494204,0.002534332130893951,0.37001697239570724
3249,La4Ti3O12,19,0.002834673127960466,0.01056275198750143,1.8675019667012207,0.0030286908604986998,0.2683650180667543
3252,SrTe3O8,24,0.0029797671219375893,0.039372299365657476,1.9388643906296557,0.010473598218188052,0.0756818161485558
3257,KAuSe5,28,0.003543420662200096,0.052301150774541554,2.376487394057845,0.009260623221029154,0.06775033837161598
3261,Dy(BO2)3,160,0.002291182430297339,0.004600438802599202,1.4403317652314727,0.002217553878068675,0.49803562847153715
3267,TlSb5S8,56,0.0029672185607429557,0.037537811694502134,2.4453550851920367,0.006277476407794433,0.07904612514153404
3269,NaTh2F9,24,0.004017448934015717,0.015163127707479148,2.2540666130437126,0.0029843881030105807,0.2649485654621327
3277,BAsO4,6,0.002777171858765615,0.007578242481471712,1.472473668616244,0.0034952111949102327,0.3664664815827168
3285,Na2Ta4O11,34,0.002962969198023353,0.01122525113562076,1.9660886691795039,0.0029039548874634493,0.2639557157541937
3288,CsNO2,12,0.006934061729670213,0.0548805412204439,1.2665066791137936,0.03421396578530288,0.1263482752806228
3311,SrUO4,24,0.003190652184936812,0.01155031688033354,1.911360427217432,0.003161613074486828,0.27623936364633095
3317,SmRhO3,20,0.002145516002600058,0.00518184783995867,2.0248086844895106,0.0012639115031218195,0.4140445780857144
3318,Na2BeF4,28,0.004463846416386009,0.01528241450853204,1.5484735178165563,0.006373594218094586,0.2920903901601335
3319,Mg(RhO2)2,14,0.0021209713195086016,0.005677108679676533,2.0096697570939086,0.0014056519979482273,0.3736006194669941
3324,Nb2SnO6,18,0.002776494749167477,0.008928741737687231,1.862664538983887,0.0025734810105200977,0.31096148043438193
3332,NaCrSe2,4,0.0023851339800894608,0.016923679422957246,2.46032197256445,0.002795830894866847,0.14093471759184872
3335,Sm2Ti2O7,22,0.002605334723725533,0.009480806063725823,1.9671161631648992,0.0024501081173950723,0.27480097221835514
3336,LaGaO3,10,0.0026974027859269943,0.008866521364705959,1.9752186090349824,0.002272599609910851,0.30422334475663315
3342,ZnPS3,10,0.0030085193772726522,0.032392030184787236,2.033000601544932,0.007837240140684659,0.09287838274136917
3347,Be2SiO4,42,0.0026546668992337157,0.004525984717410483,1.6312857744697118,0.0017007989741846892,0.5865390771254236
3349,Sr3Ti2O7,12,0.002840436030070121,0.0075604446129001095,1.9469491621004102,0.001994518702528776,0.37569695639639883
3359,Ba2SnO4,7,0.0027712922423475317,0.008143826527942225,2.0725589834542113,0.0018958968979569935,0.3402936239910036
3368,LiNb3O8,48,0.003229095555925777,0.010166304975067875,1.8505184091065698,0.0029687683687228726,0.3176272562986158
3370,Y2Sn2O7,22,0.0023471699531618395,0.0051189081976476085,2.0578700365216154,0.00120876382310292,0.45852940950190907
3372,Rb2SO4,28,0.004267768321628553,0.02185513560228283,1.4848978029193052,0.009911979065842845,0.19527530733704404
3376,Sr2SnO4,7,0.003224219629068083,0.016400759937694877,2.03161944,0.003973555214546087,0.19658964836487
3378,SrHfO3,20,0.002595865852069716,0.006855349606583637,2.0704607591267874,0.001599173557165852,0.37866279636223626
3384,Er3Al5O12,80,0.0021397852144849866,0.004056405857235252,1.7690807472158652,0.0012961226166443452,0.5275076729978425
3395,SrSeO3,10,0.0035473708315348668,0.018782398334323276,1.7172624619835761,0.006369094510388267,0.1888667660216928
3397,Ba2TiO4,28,0.003260501504413896,0.011884055313481344,1.7968806596299063,0.0036806641911769308,0.2743593342850873
3405,NaAl11O17,58,0.002925178422925571,0.01772023060383177,1.6900567199628167,0.006203928856523669,0.16507564084933743
3416,Na3AlF6,20,0.0042730328368370185,0.015101268708195264,1.8151514741754693,0.004583399256331788,0.28295853278328187
3417,Ca(BO2)2,28,0.0034533878352518443,0.009914803554395023,1.3297411868584494,0.005607249392360969,0.3483062287927057
3419,RbAuF4,12,0.0054240620640654,0.04783695280930031,1.9336998506359797,0.012793382364912445,0.11338644594876601
3439,SbPO4,12,0.0033538222139196205,0.01470076246986309,1.536326876205595,0.006228344187083992,0.22813933772449116
3442,CaTiO3,10,0.0031176034614559035,0.014064812063799687,1.9419163349999997,0.003729691437647345,0.22165980230052684
3443,Cd(GaO2)2,14,0.0022070530164215274,0.005672085036773681,2.0159375614202313,0.0013956887556447345,0.3891078857444129
3444,ErTaO4,12,0.002202614002399501,0.005108572835412277,1.8759982437863647,0.0014515591400822544,0.43116034034615924
3446,SrTm2O4,28,0.0022433297466596764,0.005459976929696413,2.171757383785999,0.0011576257915333896,0.41086799001995244
3448,KMgF3,5,0.0036151875387928837,0.010078366740400548,2.0019699849999997,0.002514635451255669,0.3587076787254523
3457,ErP5O14,80,0.0029809022511851427,0.010733756569512306,1.4713474959102137,0.004958167939442874,0.27771286146473334
3466,PrAlO3,10,0.002319001604916471,0.005372084625572688,1.8968094945865175,0.0014931224166696631,0.43167629822459375
3472,PbSO4,24,0.004270452447739725,0.07577974239891712,1.468507115574356,0.035139939884850716,0.05635348329978948
3487,Ca3(PO4)2,13,0.0035002948754253916,0.016690996327161072,1.5317265870283339,0.0071140966346221095,0.20971155986233134
3488,Na2Ti3O7,24,0.0034506249732843028,0.011646373086016244,1.7336310461070235,0.00387505032327145,0.2962832246399057
3491,NbSbO4,24,0.0028269259240146154,0.008594645426926176,1.8580887304376812,0.002489402182485439,0.32891710868701285
3516,UTeO5,28,0.0034056776781738007,0.11946943189182321,1.8132817869980844,0.03633508660444314,0.02850668680886976
3521,NaBF4,12,0.0055704093350158555,0.03158293223300676,1.4090311581454649,0.01590784148488531,0.1763740394311558
3524,LiPN2,8,0.003245855581135522,0.005489190697682624,1.6420831578657908,0.0020357199146549465,0.5913176932449855
3527,Na3AgO2,12,0.003606110478503544,0.011142485105915895,2.0771314319329686,0.002582581923247115,0.3236361048927
3536,MgAl2O4,14,0.002246556829418778,0.0039557003120689145,1.9231763551458354,0.0010695107641095134,0.5679289764607525
3538,Hg3TeO6,80,0.002697225617520199,0.011728990452375668,1.959220963177799,0.003055580957272484,0.22996229969424906
3540,Li2SnO3,24,0.005081827028018479,0.015403077077860157,2.0747661461532307,0.0035782376631592195,0.3299228460865731
3551,TbAgTe2,8,0.001827818202318366,0.014811437056567652,2.865305438659794,0.001804078160196129,0.1234058650310288
3556,Tm2SO2,5,0.001867883443428153,0.004682521896582697,2.2067594150279457,0.0009615455019330011,0.3989054370020851
3563,Ba5Nb4O15,24,0.002796001932854749,0.00774266495841054,1.8656761754520461,0.002224425860980523,0.3611162239194615
3564,BaSc2O4,42,0.0026300743815371335,0.008333531381268824,2.005959540131961,0.0020710221172286257,0.3156014252791703
3582,Mg(BC)2,40,0.002692306136674309,0.0047520564267527566,1.5596719788587043,0.001953507349891561,0.5665560117336516
3584,NdPO4,24,0.0026251945364869026,0.006666966155903637,1.5383387776923236,0.0028172427838900243,0.3937614913737454
3589,BPO4,6,0.002638959322458592,0.006211948817798439,1.465704709556898,0.0028915779354733587,0.42481987535014154
3592,KAuS5,28,0.004106262723453691,0.035916931159074225,2.068318024494957,0.008395848416061625,0.11432665851286868
3595,ZnSiAs2,8,0.0020167588162505693,0.008851178551358136,2.362789963645774,0.0015854438540380972,0.2278520091475406
3611,Dy2Hf2O7,22,0.0024817084472168946,0.012353453208937378,2.055159038659768,0.002924808954914466,0.20089188061370952
3612,NbSbO4,24,0.002990181354796877,0.011082889346120027,1.8763367104904995,0.003147976241233464,0.2698016069107195
3613,NaErS2,4,0.002870144616244678,0.010756917777851377,2.696067392354695,0.0014798795243881606,0.2668184953643822
3614,KTaO3,5,0.002576822001001416,0.005706660927296576,1.998518079999999,0.0014287817876987349,0.45154636552449545
3615,Nd(BO2)3,20,0.002931281492822529,0.009974301532833109,1.3333555767886147,0.005610357420055633,0.2938833845330847
3622,Na2PdF4,14,0.00422846289137771,0.01758460907618891,1.9704864885127304,0.004528827670682829,0.24046385524165087
3626,SrZrO3,20,0.0031636867029422363,0.020080734990710267,2.0875858401069523,0.004607771347817794,0.15754835191071534
3637,YOF,6,0.0025013929869127354,0.005717031044352586,2.2478027237274807,0.001131498973384531,0.4375335672496774
3642,ScCuO2,8,0.0026727780892638175,0.009746999627999442,1.8132030972640152,0.0029646815115357875,0.2742154705316637
3647,LiGaS2,16,0.0041520970940442,0.014260506202351517,2.2688828936878296,0.0027701978020326437,0.2911605685750153
3653,Mg(SbO3)2,18,0.0023648601862624793,0.004934815807755355,1.9924295265044556,0.0012430969735143574,0.4792195450427879
3654,RbCaF3,5,0.00537631950173695,0.03898061153774023,2.21724973,0.00792901842037646,0.13792291320344494
3660,LiB3O5,36,0.003560969110433671,0.008269698626552184,1.3522461171860853,0.004522496054247935,0.43060445987719337
3664,NdTlS2,4,0.0023666936644462697,0.014358110187296012,2.8220963093872258,0.0018028252010692724,0.16483322899557554
3666,LiTaO3,10,0.00358928220649486,0.007363823562283798,1.9217398978990166,0.00199394952656178,0.48742099483188717
3668,CdGeP2,8,0.002153560621218044,0.010369838549339603,2.3318354860907875,0.001907111919462483,0.20767542435414219
3671,NaNbO3,40,0.0035462636176765263,0.012540790137560246,1.9046445043696254,0.0034569814120548924,0.28277832407507586
3677,MgSiN2,16,0.00224298092602552,0.0040337100314812024,1.7375562237797622,0.0013360630163410502,0.5560590395740181
3694,NdPS4,48,0.0027224303248703837,0.011901634504723205,2.040316794187767,0.0028589818641250883,0.2287442387673708
3700,LiYF4,12,0.004019394111487069,0.011029008951597469,1.8910395509055018,0.0030841483861334595,0.36443837602515405
3704,Cs2Mn3Se4,18,0.0017979145274505286,0.010390583783909415,2.2791292939800387,0.0020003317219485428,0.1730330619377452
3721,SrHfO3,10,0.0028529643155710354,0.012140471965059293,2.0627423074999998,0.002853288053425604,0.23499616191050623
3731,LiNbO3,10,0.003822819374875243,0.008186575922408615,1.9012591850311227,0.002264746741772729,0.466961940023212
3744,NaNbO2,8,0.002265530883355293,0.004416813193959399,2.153568842890379,0.0009523388747918886,0.5129333716113958
3748,AlCuO2,4,0.002127069474799747,0.005509491171226766,1.8520559724834722,0.0016062135157921531,0.38607366972622353
3751,AlTlF4,12,0.0036292280737930623,0.030530757445167367,1.7788000500545302,0.009649022363297302,0.11887120980575355
3756,SmTaO4,12,0.0022757353952952454,0.0053991007570477305,1.8706173516558067,0.0015429488009166138,0.4215026719634021
3759,MgGeO3,10,0.002239651306533719,0.004301591442349687,1.8718971606572734,0.0012276234858537122,0.5206564446088677
3762,VCu3S4,8,0.0022622862633157044,0.009631368144234514,2.204491722020825,0.001981851175859923,0.23488732124417275
3765,Sr(PO3)2,72,0.0035490184563738733,0.036756640769888445,1.4943808597400947,0.016459370490541345,0.09655448327261938
3771,MgTiO3,10,0.002512803791079284,0.005026752907413861,1.8665259247265593,0.001442844356450656,0.49988607702861193
3772,Cd(GaSe2)2,7,0.002050242526339593,0.013391283981469488,2.4196366101067386,0.002287293659537851,0.15310275916608634
3775,Na2SiF6,27,0.004598585660344514,0.02257870018972093,1.705912993603028,0.007758632522358581,0.20366919360743554
3779,CrSiTe3,10,0.001961225882081961,0.01531780639591953,2.285422453871731,0.0029326726990303773,0.12803568809985788
3782,Nd3Sb5O12,40,0.0026274426537774326,0.007990782051646413,1.9750759047318998,0.0020484327181377305,0.3288092000001523
3785,TlGaTe2,8,0.0021359392958260333,0.021616915750195725,2.6526702867185663,0.003072042250910088,0.09880869780448184
3788,SrAl4O7,24,0.0027559130135830037,0.007426523072426742,1.7302991521192403,0.002480522351320397,0.37109061490903883
3789,Zn2SiO4,42,0.002747198212510926,0.00845079100257483,1.6383978383411826,0.003148173280838973,0.32508178366662904
3792,YAlO3,20,0.0021882943350289854,0.004177413232005766,1.8991997271874288,0.0011581535949734716,0.5238395661370292
3273,Si5P6O25,36,0.0026635076345711685,0.00738455852820647,1.5118435272421828,0.003230805750274489,0.36068610254729333
3281,Al5BO9,30,0.002497203911720761,0.005193511516693974,1.3620680181633134,0.002799390649768287,0.4808314959336804
3297,Li10Zn4O9,46,0.004221455016351317,0.008261378780304621,1.881342203215242,0.0023340864583616095,0.5109867406655405
3334,Tm2Sn2O7,22,0.002263612244391994,0.005147108194748376,2.052527090641178,0.0012217588723801845,0.43978330331225024
3338,NaGaO2,16,0.0032075574597327412,0.0100629156448837,1.8437436160409102,0.002960211714621177,0.3187503078557121
3361,Ba3Al2F12,68,0.003635326040670518,0.014964391271201586,1.7769119581765906,0.004739442241236299,0.24293176880950498
3374,Nd4Au2O9,60,0.0022431112381774885,0.00600743372559843,1.9777176012975555,0.0015358911252991835,0.37338926081186874
3379,K2SbF5,16,0.006228963993363562,0.06490154821929744,1.971925406304726,0.016690682353151676,0.09597558400789395
3404,RbSO3,30,0.0053123222767022865,0.05848364564836596,1.4639519497268554,0.027288570896012786,0.0908343215921033
3414,AgSbF6,32,0.004613720646107736,0.030558267893095833,1.91479270111851,0.008334608549161467,0.15098109167208834
3427,LiAlO2,16,0.0036931520613452625,0.007356573891345882,1.7612711503572205,0.002371500162151771,0.5020206574272038
3468,NaAsO2,32,0.00428532631669007,0.028056712391538407,1.699993187420388,0.009708282789555638,0.15273800639530655
3502,Zn2Te3O8,26,0.00301724190546426,0.014321249382135246,1.9012268473738476,0.00396198685780622,0.21068286885835935
3503,Li6WN4,22,0.004579360733883018,0.007882509324235825,1.8821966362056695,0.0022250230136534213,0.580952149311535
3520,Y2SiO5,32,0.0026732324746348863,0.007848385882498041,1.6247061552751254,0.002973244993490023,0.3406092048297746
3529,K3VS4,32,0.004342358295201865,0.029264679557459,2.142156266415741,0.006377367962993471,0.1483822259757183
3552,Li2Si2O5,36,0.0038398629817154436,0.009246623208460201,1.5943175946994197,0.00363775530720749,0.4152719209107774
3575,Ca3(BO3)2,22,0.0031713311049057676,0.010775379406543231,1.3882327139147126,0.005591238552729111,0.2943127091172318
3635,LiBO2,16,0.004331729895312861,0.011083169795309872,1.3320840648046326,0.006245981889560411,0.39083853945339203
3688,Er2Sn2O7,22,0.0022598416769098423,0.0050997305060542005,2.054264971891573,0.0012084656345112076,0.4431296269924551
3707,CaGe2O5,16,0.0025367519254064956,0.0066222840770326615,1.759151691842616,0.0021399381741183648,0.3830629879205021
3719,Rb3NbS4,32,0.0038432881423102736,0.033151224209370785,2.276847766984873,0.006394867972050119,0.1159320125868504
3727,Nd3NbO7,22,0.0027214636425432165,0.0120426283360092,1.9958947415245158,0.0030230547682146523,0.22598585347067857
3739,NdCuSe2,16,0.0018794585990697125,0.009910023615907098,2.415812362223384,0.0016980414633912646,0.18965228256902386
3777,BaSiN2,16,0.0023992451822422776,0.006750821757584502,1.7231300897192894,0.0022736337583223526,0.3554004635875243
